{"filename":"output.json","input_structure":{"nodes":[[0.0,6.0],[0.3333333333333333,6.0],[0.6666666666666666,6.0],[1.0,6.0],[1.3333333333333333,6.0],[1.6666666666666665,6.0],[2.0,6.0],[0.0,5.0],[0.3333333333333333,5.0],[0.6666666666666666,5.0],[1.0,5.0],[1.3333333333333333,5.0],[1.6666666666666665,5.0],[2.0,5.0],[0.0,4.0],[0.3333333333333333,4.0],[0.6666666666666666,4.0],[1.0,4.0],[1.3333333333333333,4.0],[1.6666666666666665,4.0],[2.0,4.0],[0.0,3.0],[0.3333333333333333,3.0],[0.6666666666666666,3.0],[1.0,3.0],[1.3333333333333333,3.0],[1.6666666666666665,3.0],[2.0,3.0],[0.0,2.0],[0.3333333333333333,2.0],[0.6666666666666666,2.0],[1.0,2.0],[1.3333333333333333,2.0],[1.6666666666666665,2.0],[2.0,2.0],[0.0,1.0],[0.3333333333333333,1.0],[0.6666666666666666,1.0],[1.0,1.0],[1.3333333333333333,1.0],[1.6666666666666665,1.0],[2.0,1.0],[0.0,0.0],[0.3333333333333333,0.0],[0.6666666666666666,0.0],[1.0,0.0],[1.3333333333333333,0.0],[1.6666666666666665,0.0],[2.0,0.0]],"elements":[[1,2],[1,8],[1,9],[1,10],[1,11],[1,12],[1,13],[1,14],[1,16],[1,18],[1,20],[1,23],[1,24],[1,26],[1,27],[1,30],[1,32],[1,34],[1,37],[1,38],[1,39],[1,40],[1,42],[1,44],[1,48],[2,3],[2,8],[2,9],[2,10],[2,11],[2,12],[2,13],[2,14],[2,15],[2,17],[2,19],[2,21],[2,22],[2,24],[2,25],[2,27],[2,28],[2,29],[2,31],[2,33],[2,35],[2,36],[2,38],[2,39],[2,40],[2,41],[2,43],[2,45],[2,49],[3,4],[3,8],[3,9],[3,10],[3,11],[3,12],[3,13],[3,14],[3,16],[3,18],[3,20],[3,22],[3,23],[3,25],[3,26],[3,28],[3,30],[3,32],[3,34],[3,36],[3,37],[3,39],[3,40],[3,41],[3,42],[3,44],[3,46],[4,5],[4,8],[4,9],[4,10],[4,11],[4,12],[4,13],[4,14],[4,15],[4,17],[4,19],[4,21],[4,23],[4,24],[4,26],[4,27],[4,29],[4,31],[4,33],[4,35],[4,36],[4,37],[4,38],[4,40],[4,41],[4,42],[4,45],[4,47],[5,6],[5,8],[5,9],[5,10],[5,11],[5,12],[5,13],[5,14],[5,16],[5,18],[5,20],[5,22],[5,24],[5,25],[5,27],[5,28],[5,30],[5,32],[5,34],[5,36],[5,37],[5,38],[5,39],[5,41],[5,42],[5,46],[5,48],[6,7],[6,8],[6,9],[6,10],[6,11],[6,12],[6,13],[6,14],[6,15],[6,17],[6,19],[6,21],[6,22],[6,23],[6,25],[6,26],[6,28],[6,29],[6,31],[6,33],[6,35],[6,37],[6,38],[6,39],[6,40],[6,42],[6,43],[6,47],[6,49],[7,8],[7,9],[7,10],[7,11],[7,12],[7,13],[7,14],[7,16],[7,18],[7,20],[7,23],[7,24],[7,26],[7,27],[7,30],[7,32],[7,34],[7,36],[7,38],[7,39],[7,40],[7,41],[7,44],[7,48],[8,9],[8,15],[8,16],[8,17],[8,18],[8,19],[8,20],[8,21],[8,23],[8,25],[8,27],[8,30],[8,31],[8,33],[8,34],[8,37],[8,39],[8,41],[8,44],[8,45],[8,46],[8,47],[8,49],[9,10],[9,15],[9,16],[9,17],[9,18],[9,19],[9,20],[9,21],[9,22],[9,24],[9,26],[9,28],[9,29],[9,31],[9,32],[9,34],[9,35],[9,36],[9,38],[9,40],[9,42],[9,43],[9,45],[9,46],[9,47],[9,48],[10,11],[10,15],[10,16],[10,17],[10,18],[10,19],[10,20],[10,21],[10,23],[10,25],[10,27],[10,29],[10,30],[10,32],[10,33],[10,35],[10,37],[10,39],[10,41],[10,43],[10,44],[10,46],[10,47],[10,48],[10,49],[11,12],[11,15],[11,16],[11,17],[11,18],[11,19],[11,20],[11,21],[11,22],[11,24],[11,26],[11,28],[11,30],[11,31],[11,33],[11,34],[11,36],[11,38],[11,40],[11,42],[11,43],[11,44],[11,45],[11,47],[11,48],[11,49],[12,13],[12,15],[12,16],[12,17],[12,18],[12,19],[12,20],[12,21],[12,23],[12,25],[12,27],[12,29],[12,31],[12,32],[12,34],[12,35],[12,37],[12,39],[12,41],[12,43],[12,44],[12,45],[12,46],[12,48],[12,49],[13,14],[13,15],[13,16],[13,17],[13,18],[13,19],[13,20],[13,21],[13,22],[13,24],[13,26],[13,28],[13,29],[13,30],[13,32],[13,33],[13,35],[13,36],[13,38],[13,40],[13,42],[13,44],[13,45],[13,46],[13,47],[13,49],[14,15],[14,16],[14,17],[14,18],[14,19],[14,20],[14,21],[14,23],[14,25],[14,27],[14,30],[14,31],[14,33],[14,34],[14,37],[14,39],[14,41],[14,43],[14,45],[14,46],[14,47],[14,48],[15,16],[15,22],[15,23],[15,24],[15,25],[15,26],[15,27],[15,28],[15,30],[15,32],[15,34],[15,37],[15,38],[15,40],[15,41],[15,44],[15,46],[15,48],[16,17],[16,22],[16,23],[16,24],[16,25],[16,26],[16,27],[16,28],[16,29],[16,31],[16,33],[16,35],[16,36],[16,38],[16,39],[16,41],[16,42],[16,43],[16,45],[16,47],[16,49],[17,18],[17,22],[17,23],[17,24],[17,25],[17,26],[17,27],[17,28],[17,30],[17,32],[17,34],[17,36],[17,37],[17,39],[17,40],[17,42],[17,44],[17,46],[17,48],[18,19],[18,22],[18,23],[18,24],[18,25],[18,26],[18,27],[18,28],[18,29],[18,31],[18,33],[18,35],[18,37],[18,38],[18,40],[18,41],[18,43],[18,45],[18,47],[18,49],[19,20],[19,22],[19,23],[19,24],[19,25],[19,26],[19,27],[19,28],[19,30],[19,32],[19,34],[19,36],[19,38],[19,39],[19,41],[19,42],[19,44],[19,46],[19,48],[20,21],[20,22],[20,23],[20,24],[20,25],[20,26],[20,27],[20,28],[20,29],[20,31],[20,33],[20,35],[20,36],[20,37],[20,39],[20,40],[20,42],[20,43],[20,45],[20,47],[20,49],[21,22],[21,23],[21,24],[21,25],[21,26],[21,27],[21,28],[21,30],[21,32],[21,34],[21,37],[21,38],[21,40],[21,41],[21,44],[21,46],[21,48],[22,23],[22,29],[22,30],[22,31],[22,32],[22,33],[22,34],[22,35],[22,37],[22,39],[22,41],[22,44],[22,45],[22,47],[22,48],[23,24],[23,29],[23,30],[23,31],[23,32],[23,33],[23,34],[23,35],[23,36],[23,38],[23,40],[23,42],[23,43],[23,45],[23,46],[23,48],[23,49],[24,25],[24,29],[24,30],[24,31],[24,32],[24,33],[24,34],[24,35],[24,37],[24,39],[24,41],[24,43],[24,44],[24,46],[24,47],[24,49],[25,26],[25,29],[25,30],[25,31],[25,32],[25,33],[25,34],[25,35],[25,36],[25,38],[25,40],[25,42],[25,44],[25,45],[25,47],[25,48],[26,27],[26,29],[26,30],[26,31],[26,32],[26,33],[26,34],[26,35],[26,37],[26,39],[26,41],[26,43],[26,45],[26,46],[26,48],[26,49],[27,28],[27,29],[27,30],[27,31],[27,32],[27,33],[27,34],[27,35],[27,36],[27,38],[27,40],[27,42],[27,43],[27,44],[27,46],[27,47],[27,49],[28,29],[28,30],[28,31],[28,32],[28,33],[28,34],[28,35],[28,37],[28,39],[28,41],[28,44],[28,45],[28,47],[28,48],[29,30],[29,36],[29,37],[29,38],[29,39],[29,40],[29,41],[29,42],[29,44],[29,46],[29,48],[30,31],[30,36],[30,37],[30,38],[30,39],[30,40],[30,41],[30,42],[30,43],[30,45],[30,47],[30,49],[31,32],[31,36],[31,37],[31,38],[31,39],[31,40],[31,41],[31,42],[31,44],[31,46],[31,48],[32,33],[32,36],[32,37],[32,38],[32,39],[32,40],[32,41],[32,42],[32,43],[32,45],[32,47],[32,49],[33,34],[33,36],[33,37],[33,38],[33,39],[33,40],[33,41],[33,42],[33,44],[33,46],[33,48],[34,35],[34,36],[34,37],[34,38],[34,39],[34,40],[34,41],[34,42],[34,43],[34,45],[34,47],[34,49],[35,36],[35,37],[35,38],[35,39],[35,40],[35,41],[35,42],[35,44],[35,46],[35,48],[36,37],[36,43],[36,44],[36,45],[36,46],[36,47],[36,48],[36,49],[37,38],[37,43],[37,44],[37,45],[37,46],[37,47],[37,48],[37,49],[38,39],[38,43],[38,44],[38,45],[38,46],[38,47],[38,48],[38,49],[39,40],[39,43],[39,44],[39,45],[39,46],[39,47],[39,48],[39,49],[40,41],[40,43],[40,44],[40,45],[40,46],[40,47],[40,48],[40,49],[41,42],[41,43],[41,44],[41,45],[41,46],[41,47],[41,48],[41,49],[42,43],[42,44],[42,45],[42,46],[42,47],[42,48],[42,49],[43,44],[44,45],[45,46],[46,47],[47,48],[48,49]],