{"filename":"output.json","input_structure":{"nodes":[[0.0,1.0],[1.0,1.0],[2.0,1.0],[0.0,0.0],[1.0,0.0],[2.0,0.0]],"elements":[[1,2],[1,4],[1,5],[1,6],[2,3],[2,4],[2,5],[2,6],[3,4],[3,5],[3,6],[4,5],[5,6]],"areas_of_elements":[1.0,1.0,1.0,1.0,1.0,1.0,1.0,1.0,1.0,1.0,1.0,1.0,1.0]},"output_structure":{"nodes":[[0.0,1.0],[1.0,1.0],[0.0,0.0],[2.0,0.0],[1.0,0.0]],"elements":[[1,2],[2,3],[2,4],[3,5],[5,4]],"areas_of_elements":[0.24999999999846628,0.1767766952953755,0.1767766952959058,0.12499999999910813,0.12499999999923314]},"output_compliance":null,"output_iterations":null}