{"filename":"output.json","output_structure":{"nodes":[[4.0,3.0],[4.0,2.0],[0.0,0.0],[8.0,0.0],[2.0,1.0],[6.0,1.0]],"elements":[[1,2],[1,3],[1,4],[2,5],[2,6],[5,3],[6,4]],"areas_of_elements":[0.07265897652041896,0.06054914710019237,0.06054914710019237,0.03598387592528342,0.03598387186622037,0.035983875925233846,0.03598387186617081]},"output_compliance":null,"output_iterations":null}